index,status,elapsed,seed,steps,cfg,vram_peak_gb,attempts,prompt,error
1,ok,9.13,1001,20,7.0,4.54,1,"a cute orange cat sitting on a windowsill, soft morning light, photorealistic, 8",
2,ok,7.21,1002,20,7.0,4.82,1,"a cute orange cat sitting on a windowsill, soft morning light, photorealistic, 8",
3,ok,7.42,1003,20,7.0,4.54,1,"a cute orange cat sitting on a windowsill, soft morning light, photorealistic, 8",
4,ok,7.15,1004,20,7.0,4.54,1,"a cute orange cat sitting on a windowsill, soft morning light, photorealistic, 8",
5,ok,7.48,1001,20,7.0,4.54,1,"a golden retriever running on a beach at sunset, motion blur, photorealistic",
6,ok,7.23,1002,20,7.0,4.54,1,"a golden retriever running on a beach at sunset, motion blur, photorealistic",
7,ok,7.4,1003,20,7.0,4.54,1,"a golden retriever running on a beach at sunset, motion blur, photorealistic",
8,ok,7.13,1004,20,7.0,4.54,1,"a golden retriever running on a beach at sunset, motion blur, photorealistic",
9,ok,7.52,1001,20,7.0,4.84,1,"a steaming cup of coffee on a wooden desk, shallow depth of field, cozy",
10,ok,7.28,1002,20,7.0,4.54,1,"a steaming cup of coffee on a wooden desk, shallow depth of field, cozy",
11,ok,7.89,1003,20,7.0,4.54,1,"a steaming cup of coffee on a wooden desk, shallow depth of field, cozy",
12,ok,7.89,1004,20,7.0,4.54,1,"a steaming cup of coffee on a wooden desk, shallow depth of field, cozy",
13,ok,8.31,1001,20,7.0,4.54,1,"an old lighthouse on a rocky cliff, stormy sky, dramatic lighting",
14,ok,8.28,1002,20,7.0,4.83,1,"an old lighthouse on a rocky cliff, stormy sky, dramatic lighting",
15,ok,8.37,1003,20,7.0,4.54,1,"an old lighthouse on a rocky cliff, stormy sky, dramatic lighting",
16,ok,8.25,1004,20,7.0,4.54,1,"an old lighthouse on a rocky cliff, stormy sky, dramatic lighting",
17,ok,8.74,1001,20,7.0,4.54,1,"a bowl of ramen with soft-boiled egg, overhead shot, food photography",
18,ok,8.38,1002,20,7.0,4.54,1,"a bowl of ramen with soft-boiled egg, overhead shot, food photography",
19,ok,9.06,1003,20,7.0,4.54,1,"a bowl of ramen with soft-boiled egg, overhead shot, food photography",
20,ok,8.33,1004,20,7.0,4.82,1,"a bowl of ramen with soft-boiled egg, overhead shot, food photography",
